family,family_subway
GROCERY I,Chicken Bacon Ranch
CLEANING,Breaded Chicken Cutlett
BREAD/BAKERY,Chicken Teriyaki
DELI,Bulgogi Chicken
POULTRY,Cold Cut Trio
EGGS,Italian B.M.T
PERSONAL CARE,Beef Meatball Marinara Melt
LINGERIE,Roast Beef
BEVERAGES,Roasted Chicken Breast
AUTOMOTIVE,Chunky Beef Steak & Cheese
DAIRY,Tuna
GROCERY II,Subway Club
MEATS,Chicken Ham
FROZEN FOODS,Double Cheese Chicken Bacon Ranch
HOME APPLIANCES,Spicy Italian
SEAFOOD,Turkey
PREPARED FOODS,Chicken Corden Bleu
"LIQUOR,WINE,BEER",All Day Brekkie
BEAUTY,Italian Supreme
HARDWARE,Veggie Delite
LAWN AND GARDEN,Veggie Patty
PRODUCE,Veggie Deluxe
HOME AND KITCHEN II,Double Cheese Chunky Beef Steak
HOME AND KITCHEN I,Tuna salad
MAGAZINES,Double Cheese Breaded Chicken cutlet
HOME CARE,Egg Mayo salad
PET SUPPLIES,Chicken Ham salad
BABY CARE,Roasted Chicken salad
SCHOOL AND OFFICE SUPPLIES,Cold Cut Trio salad
PLAYERS AND ELECTRONICS,Roast Beef salad
CELEBRATION,Turkey salad
LADIESWEAR,Bulgogi Chicken salad
BOOKS,Veggie Patty Salad
